WINDOW,TRAIN_START_INPUT,TRAIN_END_INPUT,OUTPUT_START,OUTPUT_END
TRAIN_WINDOW_1,2023-04-01,2024-03-30,2024-03-31,2024-07-08
TRAIN_WINDOW_2,2023-04-02,2024-03-31,2024-04-01,2024-07-09
TRAIN_WINDOW_3,2023-04-03,2024-04-01,2024-04-02,2024-07-10
TRAIN_WINDOW_4,2023-04-04,2024-04-02,2024-04-03,2024-07-11
TRAIN_WINDOW_5,2023-04-05,2024-04-03,2024-04-04,2024-07-12
TRAIN_WINDOW_6,2023-04-06,2024-04-04,2024-04-05,2024-07-13
TRAIN_WINDOW_7,2023-04-07,2024-04-05,2024-04-06,2024-07-14
TRAIN_WINDOW_8,2023-04-08,2024-04-06,2024-04-07,2024-07-15
TRAIN_WINDOW_9,2023-04-09,2024-04-07,2024-04-08,2024-07-16
TRAIN_WINDOW_10,2023-04-10,2024-04-08,2024-04-09,2024-07-17
TRAIN_WINDOW_11,2023-04-11,2024-04-09,2024-04-10,2024-07-18
TRAIN_WINDOW_12,2023-04-12,2024-04-10,2024-04-11,2024-07-19
TRAIN_WINDOW_13,2023-04-13,2024-04-11,2024-04-12,2024-07-20
TRAIN_WINDOW_14,2023-04-14,2024-04-12,2024-04-13,2024-07-21
TRAIN_WINDOW_15,2023-04-15,2024-04-13,2024-04-14,2024-07-22
TRAIN_WINDOW_16,2023-04-16,2024-04-14,2024-04-15,2024-07-23
TRAIN_WINDOW_17,2023-04-17,2024-04-15,2024-04-16,2024-07-24
TRAIN_WINDOW_18,2023-04-18,2024-04-16,2024-04-17,2024-07-25
TRAIN_WINDOW_19,2023-04-19,2024-04-17,2024-04-18,2024-07-26
TRAIN_WINDOW_20,2023-04-20,2024-04-18,2024-04-19,2024-07-27
TRAIN_WINDOW_21,2023-04-21,2024-04-19,2024-04-20,2024-07-28
TRAIN_WINDOW_22,2023-04-22,2024-04-20,2024-04-21,2024-07-29
TRAIN_WINDOW_23,2023-04-23,2024-04-21,2024-04-22,2024-07-30
TRAIN_WINDOW_24,2023-04-24,2024-04-22,2024-04-23,2024-07-31
TRAIN_WINDOW_25,2023-04-25,2024-04-23,2024-04-24,2024-08-01
TRAIN_WINDOW_26,2023-04-26,2024-04-24,2024-04-25,2024-08-02
TRAIN_WINDOW_27,2023-04-27,2024-04-25,2024-04-26,2024-08-03
TRAIN_WINDOW_28,2023-04-28,2024-04-26,2024-04-27,2024-08-04
TRAIN_WINDOW_29,2023-04-29,2024-04-27,2024-04-28,2024-08-05
TRAIN_WINDOW_30,2023-04-30,2024-04-28,2024-04-29,2024-08-06
TRAIN_WINDOW_31,2023-05-01,2024-04-29,2024-04-30,2024-08-07
TRAIN_WINDOW_32,2023-05-02,2024-04-30,2024-05-01,2024-08-08
TRAIN_WINDOW_33,2023-05-03,2024-05-01,2024-05-02,2024-08-09
TRAIN_WINDOW_34,2023-05-04,2024-05-02,2024-05-03,2024-08-10
TRAIN_WINDOW_35,2023-05-05,2024-05-03,2024-05-04,2024-08-11
TRAIN_WINDOW_36,2023-05-06,2024-05-04,2024-05-05,2024-08-12
TRAIN_WINDOW_37,2023-05-07,2024-05-05,2024-05-06,2024-08-13
TRAIN_WINDOW_38,2023-05-08,2024-05-06,2024-05-07,2024-08-14
TRAIN_WINDOW_39,2023-05-09,2024-05-07,2024-05-08,2024-08-15
TRAIN_WINDOW_40,2023-05-10,2024-05-08,2024-05-09,2024-08-16
TRAIN_WINDOW_41,2023-05-11,2024-05-09,2024-05-10,2024-08-17
TRAIN_WINDOW_42,2023-05-12,2024-05-10,2024-05-11,2024-08-18
TRAIN_WINDOW_43,2023-05-13,2024-05-11,2024-05-12,2024-08-19
TRAIN_WINDOW_44,2023-05-14,2024-05-12,2024-05-13,2024-08-20
TRAIN_WINDOW_45,2023-05-15,2024-05-13,2024-05-14,2024-08-21
TRAIN_WINDOW_46,2023-05-16,2024-05-14,2024-05-15,2024-08-22
TRAIN_WINDOW_47,2023-05-17,2024-05-15,2024-05-16,2024-08-23
TRAIN_WINDOW_48,2023-05-18,2024-05-16,2024-05-17,2024-08-24
TRAIN_WINDOW_49,2023-05-19,2024-05-17,2024-05-18,2024-08-25
TRAIN_WINDOW_50,2023-05-20,2024-05-18,2024-05-19,2024-08-26
TRAIN_WINDOW_51,2023-05-21,2024-05-19,2024-05-20,2024-08-27
TRAIN_WINDOW_52,2023-05-22,2024-05-20,2024-05-21,2024-08-28
TRAIN_WINDOW_53,2023-05-23,2024-05-21,2024-05-22,2024-08-29
TRAIN_WINDOW_54,2023-05-24,2024-05-22,2024-05-23,2024-08-30
TRAIN_WINDOW_55,2023-05-25,2024-05-23,2024-05-24,2024-08-31
TRAIN_WINDOW_56,2023-05-26,2024-05-24,2024-05-25,2024-09-01
TRAIN_WINDOW_57,2023-05-27,2024-05-25,2024-05-26,2024-09-02
TRAIN_WINDOW_58,2023-05-28,2024-05-26,2024-05-27,2024-09-03
TRAIN_WINDOW_59,2023-05-29,2024-05-27,2024-05-28,2024-09-04
TRAIN_WINDOW_60,2023-05-30,2024-05-28,2024-05-29,2024-09-05
TRAIN_WINDOW_61,2023-05-31,2024-05-29,2024-05-30,2024-09-06
TRAIN_WINDOW_62,2023-06-01,2024-05-30,2024-05-31,2024-09-07
TRAIN_WINDOW_63,2023-06-02,2024-05-31,2024-06-01,2024-09-08
TRAIN_WINDOW_64,2023-06-03,2024-06-01,2024-06-02,2024-09-09
TRAIN_WINDOW_65,2023-06-04,2024-06-02,2024-06-03,2024-09-10
TRAIN_WINDOW_66,2023-06-05,2024-06-03,2024-06-04,2024-09-11
TRAIN_WINDOW_67,2023-06-06,2024-06-04,2024-06-05,2024-09-12
TRAIN_WINDOW_68,2023-06-07,2024-06-05,2024-06-06,2024-09-13
TRAIN_WINDOW_69,2023-06-08,2024-06-06,2024-06-07,2024-09-14
TRAIN_WINDOW_70,2023-06-09,2024-06-07,2024-06-08,2024-09-15
TRAIN_WINDOW_71,2023-06-10,2024-06-08,2024-06-09,2024-09-16
TRAIN_WINDOW_72,2023-06-11,2024-06-09,2024-06-10,2024-09-17
TRAIN_WINDOW_73,2023-06-12,2024-06-10,2024-06-11,2024-09-18
TRAIN_WINDOW_74,2023-06-13,2024-06-11,2024-06-12,2024-09-19
TRAIN_WINDOW_75,2023-06-14,2024-06-12,2024-06-13,2024-09-20
TRAIN_WINDOW_76,2023-06-15,2024-06-13,2024-06-14,2024-09-21
TRAIN_WINDOW_77,2023-06-16,2024-06-14,2024-06-15,2024-09-22
TRAIN_WINDOW_78,2023-06-17,2024-06-15,2024-06-16,2024-09-23
TRAIN_WINDOW_79,2023-06-18,2024-06-16,2024-06-17,2024-09-24
TRAIN_WINDOW_80,2023-06-19,2024-06-17,2024-06-18,2024-09-25
TRAIN_WINDOW_81,2023-06-20,2024-06-18,2024-06-19,2024-09-26
TRAIN_WINDOW_82,2023-06-21,2024-06-19,2024-06-20,2024-09-27
TRAIN_WINDOW_83,2023-06-22,2024-06-20,2024-06-21,2024-09-28
TRAIN_WINDOW_84,2023-06-23,2024-06-21,2024-06-22,2024-09-29
TRAIN_WINDOW_85,2023-06-24,2024-06-22,2024-06-23,2024-09-30
TRAIN_WINDOW_86,2023-06-25,2024-06-23,2024-06-24,2024-10-01
TRAIN_WINDOW_87,2023-06-26,2024-06-24,2024-06-25,2024-10-02
TRAIN_WINDOW_88,2023-06-27,2024-06-25,2024-06-26,2024-10-03
TRAIN_WINDOW_89,2023-06-28,2024-06-26,2024-06-27,2024-10-04
TRAIN_WINDOW_90,2023-06-29,2024-06-27,2024-06-28,2024-10-05
TRAIN_WINDOW_91,2023-06-30,2024-06-28,2024-06-29,2024-10-06
TRAIN_WINDOW_92,2023-07-01,2024-06-29,2024-06-30,2024-10-07
TRAIN_WINDOW_93,2023-07-02,2024-06-30,2024-07-01,2024-10-08
TRAIN_WINDOW_94,2023-07-03,2024-07-01,2024-07-02,2024-10-09
TRAIN_WINDOW_95,2023-07-04,2024-07-02,2024-07-03,2024-10-10
TRAIN_WINDOW_96,2023-07-05,2024-07-03,2024-07-04,2024-10-11
TRAIN_WINDOW_97,2023-07-06,2024-07-04,2024-07-05,2024-10-12
TRAIN_WINDOW_98,2023-07-07,2024-07-05,2024-07-06,2024-10-13
TRAIN_WINDOW_99,2023-07-08,2024-07-06,2024-07-07,2024-10-14
TRAIN_WINDOW_100,2023-07-09,2024-07-07,2024-07-08,2024-10-15
TRAIN_WINDOW_101,2023-07-10,2024-07-08,2024-07-09,2024-10-16
TRAIN_WINDOW_102,2023-07-11,2024-07-09,2024-07-10,2024-10-17
TRAIN_WINDOW_103,2023-07-12,2024-07-10,2024-07-11,2024-10-18
TRAIN_WINDOW_104,2023-07-13,2024-07-11,2024-07-12,2024-10-19
TRAIN_WINDOW_105,2023-07-14,2024-07-12,2024-07-13,2024-10-20
TRAIN_WINDOW_106,2023-07-15,2024-07-13,2024-07-14,2024-10-21
TRAIN_WINDOW_107,2023-07-16,2024-07-14,2024-07-15,2024-10-22
TRAIN_WINDOW_108,2023-07-17,2024-07-15,2024-07-16,2024-10-23
TRAIN_WINDOW_109,2023-07-18,2024-07-16,2024-07-17,2024-10-24
TRAIN_WINDOW_110,2023-07-19,2024-07-17,2024-07-18,2024-10-25
TRAIN_WINDOW_111,2023-07-20,2024-07-18,2024-07-19,2024-10-26
TRAIN_WINDOW_112,2023-07-21,2024-07-19,2024-07-20,2024-10-27
TRAIN_WINDOW_113,2023-07-22,2024-07-20,2024-07-21,2024-10-28
TRAIN_WINDOW_114,2023-07-23,2024-07-21,2024-07-22,2024-10-29
TRAIN_WINDOW_115,2023-07-24,2024-07-22,2024-07-23,2024-10-30
TRAIN_WINDOW_116,2023-07-25,2024-07-23,2024-07-24,2024-10-31
TRAIN_WINDOW_117,2023-07-26,2024-07-24,2024-07-25,2024-11-01
TRAIN_WINDOW_118,2023-07-27,2024-07-25,2024-07-26,2024-11-02
TRAIN_WINDOW_119,2023-07-28,2024-07-26,2024-07-27,2024-11-03
TRAIN_WINDOW_120,2023-07-29,2024-07-27,2024-07-28,2024-11-04
TRAIN_WINDOW_121,2023-07-30,2024-07-28,2024-07-29,2024-11-05
TRAIN_WINDOW_122,2023-07-31,2024-07-29,2024-07-30,2024-11-06
TRAIN_WINDOW_123,2023-08-01,2024-07-30,2024-07-31,2024-11-07
TRAIN_WINDOW_124,2023-08-02,2024-07-31,2024-08-01,2024-11-08
TRAIN_WINDOW_125,2023-08-03,2024-08-01,2024-08-02,2024-11-09
TRAIN_WINDOW_126,2023-08-04,2024-08-02,2024-08-03,2024-11-10
TRAIN_WINDOW_127,2023-08-05,2024-08-03,2024-08-04,2024-11-11
TRAIN_WINDOW_128,2023-08-06,2024-08-04,2024-08-05,2024-11-12
TRAIN_WINDOW_129,2023-08-07,2024-08-05,2024-08-06,2024-11-13
TRAIN_WINDOW_130,2023-08-08,2024-08-06,2024-08-07,2024-11-14
TRAIN_WINDOW_131,2023-08-09,2024-08-07,2024-08-08,2024-11-15
TRAIN_WINDOW_132,2023-08-10,2024-08-08,2024-08-09,2024-11-16
TRAIN_WINDOW_133,2023-08-11,2024-08-09,2024-08-10,2024-11-17
TRAIN_WINDOW_134,2023-08-12,2024-08-10,2024-08-11,2024-11-18
TRAIN_WINDOW_135,2023-08-13,2024-08-11,2024-08-12,2024-11-19
TRAIN_WINDOW_136,2023-08-14,2024-08-12,2024-08-13,2024-11-20
TRAIN_WINDOW_137,2023-08-15,2024-08-13,2024-08-14,2024-11-21
TRAIN_WINDOW_138,2023-08-16,2024-08-14,2024-08-15,2024-11-22
TRAIN_WINDOW_139,2023-08-17,2024-08-15,2024-08-16,2024-11-23
TRAIN_WINDOW_140,2023-08-18,2024-08-16,2024-08-17,2024-11-24
TRAIN_WINDOW_141,2023-08-19,2024-08-17,2024-08-18,2024-11-25
TRAIN_WINDOW_142,2023-08-20,2024-08-18,2024-08-19,2024-11-26
TRAIN_WINDOW_143,2023-08-21,2024-08-19,2024-08-20,2024-11-27
TRAIN_WINDOW_144,2023-08-22,2024-08-20,2024-08-21,2024-11-28
TRAIN_WINDOW_145,2023-08-23,2024-08-21,2024-08-22,2024-11-29
TRAIN_WINDOW_146,2023-08-24,2024-08-22,2024-08-23,2024-11-30
TRAIN_WINDOW_147,2023-08-25,2024-08-23,2024-08-24,2024-12-01
TRAIN_WINDOW_148,2023-08-26,2024-08-24,2024-08-25,2024-12-02
TRAIN_WINDOW_149,2023-08-27,2024-08-25,2024-08-26,2024-12-03
TRAIN_WINDOW_150,2023-08-28,2024-08-26,2024-08-27,2024-12-04
TRAIN_WINDOW_151,2023-08-29,2024-08-27,2024-08-28,2024-12-05
TRAIN_WINDOW_152,2023-08-30,2024-08-28,2024-08-29,2024-12-06
TRAIN_WINDOW_153,2023-08-31,2024-08-29,2024-08-30,2024-12-07
TRAIN_WINDOW_154,2023-09-01,2024-08-30,2024-08-31,2024-12-08
TRAIN_WINDOW_155,2023-09-02,2024-08-31,2024-09-01,2024-12-09
TRAIN_WINDOW_156,2023-09-03,2024-09-01,2024-09-02,2024-12-10
TRAIN_WINDOW_157,2023-09-04,2024-09-02,2024-09-03,2024-12-11
TRAIN_WINDOW_158,2023-09-05,2024-09-03,2024-09-04,2024-12-12
TRAIN_WINDOW_159,2023-09-06,2024-09-04,2024-09-05,2024-12-13
TRAIN_WINDOW_160,2023-09-07,2024-09-05,2024-09-06,2024-12-14
TRAIN_WINDOW_161,2023-09-08,2024-09-06,2024-09-07,2024-12-15
TRAIN_WINDOW_162,2023-09-09,2024-09-07,2024-09-08,2024-12-16
TRAIN_WINDOW_163,2023-09-10,2024-09-08,2024-09-09,2024-12-17
TRAIN_WINDOW_164,2023-09-11,2024-09-09,2024-09-10,2024-12-18
TRAIN_WINDOW_165,2023-09-12,2024-09-10,2024-09-11,2024-12-19
TRAIN_WINDOW_166,2023-09-13,2024-09-11,2024-09-12,2024-12-20
TRAIN_WINDOW_167,2023-09-14,2024-09-12,2024-09-13,2024-12-21
TRAIN_WINDOW_168,2023-09-15,2024-09-13,2024-09-14,2024-12-22
TRAIN_WINDOW_169,2023-09-16,2024-09-14,2024-09-15,2024-12-23
TRAIN_WINDOW_170,2023-09-17,2024-09-15,2024-09-16,2024-12-24
TRAIN_WINDOW_171,2023-09-18,2024-09-16,2024-09-17,2024-12-25
TRAIN_WINDOW_172,2023-09-19,2024-09-17,2024-09-18,2024-12-26
TRAIN_WINDOW_173,2023-09-20,2024-09-18,2024-09-19,2024-12-27
TRAIN_WINDOW_174,2023-09-21,2024-09-19,2024-09-20,2024-12-28
TRAIN_WINDOW_175,2023-09-22,2024-09-20,2024-09-21,2024-12-29
TRAIN_WINDOW_176,2023-09-23,2024-09-21,2024-09-22,2024-12-30
TRAIN_WINDOW_177,2023-09-24,2024-09-22,2024-09-23,2024-12-31
TRAIN_WINDOW_178,2023-09-25,2024-09-23,2024-09-24,2025-01-01
TRAIN_WINDOW_179,2023-09-26,2024-09-24,2024-09-25,2025-01-02
TRAIN_WINDOW_180,2023-09-27,2024-09-25,2024-09-26,2025-01-03
TRAIN_WINDOW_181,2023-09-28,2024-09-26,2024-09-27,2025-01-04
TRAIN_WINDOW_182,2023-09-29,2024-09-27,2024-09-28,2025-01-05
TRAIN_WINDOW_183,2023-09-30,2024-09-28,2024-09-29,2025-01-06
TRAIN_WINDOW_184,2023-10-01,2024-09-29,2024-09-30,2025-01-07
TRAIN_WINDOW_185,2023-10-02,2024-09-30,2024-10-01,2025-01-08
TRAIN_WINDOW_186,2023-10-03,2024-10-01,2024-10-02,2025-01-09
TRAIN_WINDOW_187,2023-10-04,2024-10-02,2024-10-03,2025-01-10
TRAIN_WINDOW_188,2023-10-05,2024-10-03,2024-10-04,2025-01-11
TRAIN_WINDOW_189,2023-10-06,2024-10-04,2024-10-05,2025-01-12
TRAIN_WINDOW_190,2023-10-07,2024-10-05,2024-10-06,2025-01-13
TRAIN_WINDOW_191,2023-10-08,2024-10-06,2024-10-07,2025-01-14
TRAIN_WINDOW_192,2023-10-09,2024-10-07,2024-10-08,2025-01-15
TRAIN_WINDOW_193,2023-10-10,2024-10-08,2024-10-09,2025-01-16
TRAIN_WINDOW_194,2023-10-11,2024-10-09,2024-10-10,2025-01-17
TRAIN_WINDOW_195,2023-10-12,2024-10-10,2024-10-11,2025-01-18
TRAIN_WINDOW_196,2023-10-13,2024-10-11,2024-10-12,2025-01-19
TRAIN_WINDOW_197,2023-10-14,2024-10-12,2024-10-13,2025-01-20
TRAIN_WINDOW_198,2023-10-15,2024-10-13,2024-10-14,2025-01-21
TRAIN_WINDOW_199,2023-10-16,2024-10-14,2024-10-15,2025-01-22
TRAIN_WINDOW_200,2023-10-17,2024-10-15,2024-10-16,2025-01-23
TRAIN_WINDOW_201,2023-10-18,2024-10-16,2024-10-17,2025-01-24
TRAIN_WINDOW_202,2023-10-19,2024-10-17,2024-10-18,2025-01-25
TRAIN_WINDOW_203,2023-10-20,2024-10-18,2024-10-19,2025-01-26
TRAIN_WINDOW_204,2023-10-21,2024-10-19,2024-10-20,2025-01-27
TRAIN_WINDOW_205,2023-10-22,2024-10-20,2024-10-21,2025-01-28
TRAIN_WINDOW_206,2023-10-23,2024-10-21,2024-10-22,2025-01-29
TRAIN_WINDOW_207,2023-10-24,2024-10-22,2024-10-23,2025-01-30
TRAIN_WINDOW_208,2023-10-25,2024-10-23,2024-10-24,2025-01-31
TRAIN_WINDOW_209,2023-10-26,2024-10-24,2024-10-25,2025-02-01
TRAIN_WINDOW_210,2023-10-27,2024-10-25,2024-10-26,2025-02-02
TRAIN_WINDOW_211,2023-10-28,2024-10-26,2024-10-27,2025-02-03
TRAIN_WINDOW_212,2023-10-29,2024-10-27,2024-10-28,2025-02-04
TRAIN_WINDOW_213,2023-10-30,2024-10-28,2024-10-29,2025-02-05
TRAIN_WINDOW_214,2023-10-31,2024-10-29,2024-10-30,2025-02-06
TRAIN_WINDOW_215,2023-11-01,2024-10-30,2024-10-31,2025-02-07
TRAIN_WINDOW_216,2023-11-02,2024-10-31,2024-11-01,2025-02-08
TRAIN_WINDOW_217,2023-11-03,2024-11-01,2024-11-02,2025-02-09
TRAIN_WINDOW_218,2023-11-04,2024-11-02,2024-11-03,2025-02-10
TRAIN_WINDOW_219,2023-11-05,2024-11-03,2024-11-04,2025-02-11
TRAIN_WINDOW_220,2023-11-06,2024-11-04,2024-11-05,2025-02-12
TRAIN_WINDOW_221,2023-11-07,2024-11-05,2024-11-06,2025-02-13
TRAIN_WINDOW_222,2023-11-08,2024-11-06,2024-11-07,2025-02-14
TRAIN_WINDOW_223,2023-11-09,2024-11-07,2024-11-08,2025-02-15
TRAIN_WINDOW_224,2023-11-10,2024-11-08,2024-11-09,2025-02-16
TRAIN_WINDOW_225,2023-11-11,2024-11-09,2024-11-10,2025-02-17
TRAIN_WINDOW_226,2023-11-12,2024-11-10,2024-11-11,2025-02-18
TRAIN_WINDOW_227,2023-11-13,2024-11-11,2024-11-12,2025-02-19
TRAIN_WINDOW_228,2023-11-14,2024-11-12,2024-11-13,2025-02-20
TRAIN_WINDOW_229,2023-11-15,2024-11-13,2024-11-14,2025-02-21
TRAIN_WINDOW_230,2023-11-16,2024-11-14,2024-11-15,2025-02-22
TRAIN_WINDOW_231,2023-11-17,2024-11-15,2024-11-16,2025-02-23
TRAIN_WINDOW_232,2023-11-18,2024-11-16,2024-11-17,2025-02-24
TRAIN_WINDOW_233,2023-11-19,2024-11-17,2024-11-18,2025-02-25
TRAIN_WINDOW_234,2023-11-20,2024-11-18,2024-11-19,2025-02-26
TRAIN_WINDOW_235,2023-11-21,2024-11-19,2024-11-20,2025-02-27
TRAIN_WINDOW_236,2023-11-22,2024-11-20,2024-11-21,2025-02-28
TRAIN_WINDOW_237,2023-11-23,2024-11-21,2024-11-22,2025-03-01
TRAIN_WINDOW_238,2023-11-24,2024-11-22,2024-11-23,2025-03-02
TRAIN_WINDOW_239,2023-11-25,2024-11-23,2024-11-24,2025-03-03
TRAIN_WINDOW_240,2023-11-26,2024-11-24,2024-11-25,2025-03-04
TRAIN_WINDOW_241,2023-11-27,2024-11-25,2024-11-26,2025-03-05
TRAIN_WINDOW_242,2023-11-28,2024-11-26,2024-11-27,2025-03-06
TRAIN_WINDOW_243,2023-11-29,2024-11-27,2024-11-28,2025-03-07
TRAIN_WINDOW_244,2023-11-30,2024-11-28,2024-11-29,2025-03-08
TRAIN_WINDOW_245,2023-12-01,2024-11-29,2024-11-30,2025-03-09
TRAIN_WINDOW_246,2023-12-02,2024-11-30,2024-12-01,2025-03-10
TRAIN_WINDOW_247,2023-12-03,2024-12-01,2024-12-02,2025-03-11
TRAIN_WINDOW_248,2023-12-04,2024-12-02,2024-12-03,2025-03-12
TRAIN_WINDOW_249,2023-12-05,2024-12-03,2024-12-04,2025-03-13
TRAIN_WINDOW_250,2023-12-06,2024-12-04,2024-12-05,2025-03-14
TRAIN_WINDOW_251,2023-12-07,2024-12-05,2024-12-06,2025-03-15
TRAIN_WINDOW_252,2023-12-08,2024-12-06,2024-12-07,2025-03-16
TRAIN_WINDOW_253,2023-12-09,2024-12-07,2024-12-08,2025-03-17
TRAIN_WINDOW_254,2023-12-10,2024-12-08,2024-12-09,2025-03-18
TRAIN_WINDOW_255,2023-12-11,2024-12-09,2024-12-10,2025-03-19
TRAIN_WINDOW_256,2023-12-12,2024-12-10,2024-12-11,2025-03-20
TRAIN_WINDOW_257,2023-12-13,2024-12-11,2024-12-12,2025-03-21
TRAIN_WINDOW_258,2023-12-14,2024-12-12,2024-12-13,2025-03-22
TRAIN_WINDOW_259,2023-12-15,2024-12-13,2024-12-14,2025-03-23
TRAIN_WINDOW_260,2023-12-16,2024-12-14,2024-12-15,2025-03-24
TRAIN_WINDOW_261,2023-12-17,2024-12-15,2024-12-16,2025-03-25
TRAIN_WINDOW_262,2023-12-18,2024-12-16,2024-12-17,2025-03-26
TRAIN_WINDOW_263,2023-12-19,2024-12-17,2024-12-18,2025-03-27
TRAIN_WINDOW_264,2023-12-20,2024-12-18,2024-12-19,2025-03-28
TRAIN_WINDOW_265,2023-12-21,2024-12-19,2024-12-20,2025-03-29
TRAIN_WINDOW_266,2023-12-22,2024-12-20,2024-12-21,2025-03-30
TRAIN_WINDOW_267,2023-12-23,2024-12-21,2024-12-22,2025-03-31
TRAIN_WINDOW_268,2023-12-24,2024-12-22,2024-12-23,2025-04-01
TRAIN_WINDOW_269,2023-12-25,2024-12-23,2024-12-24,2025-04-02
TRAIN_WINDOW_270,2023-12-26,2024-12-24,2024-12-25,2025-04-03
TRAIN_WINDOW_271,2023-12-27,2024-12-25,2024-12-26,2025-04-04
TRAIN_WINDOW_272,2023-12-28,2024-12-26,2024-12-27,2025-04-05
TRAIN_WINDOW_273,2023-12-29,2024-12-27,2024-12-28,2025-04-06
TRAIN_WINDOW_274,2023-12-30,2024-12-28,2024-12-29,2025-04-07
TRAIN_WINDOW_275,2023-12-31,2024-12-29,2024-12-30,2025-04-08
TRAIN_WINDOW_276,2024-01-01,2024-12-30,2024-12-31,2025-04-09
TRAIN_WINDOW_277,2024-01-02,2024-12-31,2025-01-01,2025-04-10
TRAIN_WINDOW_278,2024-01-03,2025-01-01,2025-01-02,2025-04-11
TRAIN_WINDOW_279,2024-01-04,2025-01-02,2025-01-03,2025-04-12
TRAIN_WINDOW_280,2024-01-05,2025-01-03,2025-01-04,2025-04-13
TRAIN_WINDOW_281,2024-01-06,2025-01-04,2025-01-05,2025-04-14
TRAIN_WINDOW_282,2024-01-07,2025-01-05,2025-01-06,2025-04-15
TRAIN_WINDOW_283,2024-01-08,2025-01-06,2025-01-07,2025-04-16
TRAIN_WINDOW_284,2024-01-09,2025-01-07,2025-01-08,2025-04-17
TRAIN_WINDOW_285,2024-01-10,2025-01-08,2025-01-09,2025-04-18
TRAIN_WINDOW_286,2024-01-11,2025-01-09,2025-01-10,2025-04-19
TRAIN_WINDOW_287,2024-01-12,2025-01-10,2025-01-11,2025-04-20
TRAIN_WINDOW_288,2024-01-13,2025-01-11,2025-01-12,2025-04-21
TRAIN_WINDOW_289,2024-01-14,2025-01-12,2025-01-13,2025-04-22
TRAIN_WINDOW_290,2024-01-15,2025-01-13,2025-01-14,2025-04-23
TRAIN_WINDOW_291,2024-01-16,2025-01-14,2025-01-15,2025-04-24
TRAIN_WINDOW_292,2024-01-17,2025-01-15,2025-01-16,2025-04-25
TRAIN_WINDOW_293,2024-01-18,2025-01-16,2025-01-17,2025-04-26
TRAIN_WINDOW_294,2024-01-19,2025-01-17,2025-01-18,2025-04-27
TRAIN_WINDOW_295,2024-01-20,2025-01-18,2025-01-19,2025-04-28
TRAIN_WINDOW_296,2024-01-21,2025-01-19,2025-01-20,2025-04-29
TRAIN_WINDOW_297,2024-01-22,2025-01-20,2025-01-21,2025-04-30
TRAIN_WINDOW_298,2024-01-23,2025-01-21,2025-01-22,2025-05-01
TRAIN_WINDOW_299,2024-01-24,2025-01-22,2025-01-23,2025-05-02
TRAIN_WINDOW_300,2024-01-25,2025-01-23,2025-01-24,2025-05-03
TRAIN_WINDOW_301,2024-01-26,2025-01-24,2025-01-25,2025-05-04
TRAIN_WINDOW_302,2024-01-27,2025-01-25,2025-01-26,2025-05-05
TRAIN_WINDOW_303,2024-01-28,2025-01-26,2025-01-27,2025-05-06
TRAIN_WINDOW_304,2024-01-29,2025-01-27,2025-01-28,2025-05-07
TRAIN_WINDOW_305,2024-01-30,2025-01-28,2025-01-29,2025-05-08
TRAIN_WINDOW_306,2024-01-31,2025-01-29,2025-01-30,2025-05-09
TRAIN_WINDOW_307,2024-02-01,2025-01-30,2025-01-31,2025-05-10
TRAIN_WINDOW_308,2024-02-02,2025-01-31,2025-02-01,2025-05-11
TRAIN_WINDOW_309,2024-02-03,2025-02-01,2025-02-02,2025-05-12
TRAIN_WINDOW_310,2024-02-04,2025-02-02,2025-02-03,2025-05-13
TRAIN_WINDOW_311,2024-02-05,2025-02-03,2025-02-04,2025-05-14
TRAIN_WINDOW_312,2024-02-06,2025-02-04,2025-02-05,2025-05-15
TRAIN_WINDOW_313,2024-02-07,2025-02-05,2025-02-06,2025-05-16
TRAIN_WINDOW_314,2024-02-08,2025-02-06,2025-02-07,2025-05-17
TRAIN_WINDOW_315,2024-02-09,2025-02-07,2025-02-08,2025-05-18
TRAIN_WINDOW_316,2024-02-10,2025-02-08,2025-02-09,2025-05-19
TRAIN_WINDOW_317,2024-02-11,2025-02-09,2025-02-10,2025-05-20
TRAIN_WINDOW_318,2024-02-12,2025-02-10,2025-02-11,2025-05-21
TRAIN_WINDOW_319,2024-02-13,2025-02-11,2025-02-12,2025-05-22
TRAIN_WINDOW_320,2024-02-14,2025-02-12,2025-02-13,2025-05-23
TRAIN_WINDOW_321,2024-02-15,2025-02-13,2025-02-14,2025-05-24
TRAIN_WINDOW_322,2024-02-16,2025-02-14,2025-02-15,2025-05-25
TRAIN_WINDOW_323,2024-02-17,2025-02-15,2025-02-16,2025-05-26
TRAIN_WINDOW_324,2024-02-18,2025-02-16,2025-02-17,2025-05-27
TRAIN_WINDOW_325,2024-02-19,2025-02-17,2025-02-18,2025-05-28
TRAIN_WINDOW_326,2024-02-20,2025-02-18,2025-02-19,2025-05-29
TRAIN_WINDOW_327,2024-02-21,2025-02-19,2025-02-20,2025-05-30
TRAIN_WINDOW_328,2024-02-22,2025-02-20,2025-02-21,2025-05-31
TRAIN_WINDOW_329,2024-02-23,2025-02-21,2025-02-22,2025-06-01
TRAIN_WINDOW_330,2024-02-24,2025-02-22,2025-02-23,2025-06-02
TRAIN_WINDOW_331,2024-02-25,2025-02-23,2025-02-24,2025-06-03
TRAIN_WINDOW_332,2024-02-26,2025-02-24,2025-02-25,2025-06-04
TRAIN_WINDOW_333,2024-02-27,2025-02-25,2025-02-26,2025-06-05
TRAIN_WINDOW_334,2024-02-28,2025-02-26,2025-02-27,2025-06-06
TRAIN_WINDOW_335,2024-02-29,2025-02-27,2025-02-28,2025-06-07
TRAIN_WINDOW_336,2024-03-01,2025-02-28,2025-03-01,2025-06-08
TRAIN_WINDOW_337,2024-03-02,2025-03-01,2025-03-02,2025-06-09
TRAIN_WINDOW_338,2024-03-03,2025-03-02,2025-03-03,2025-06-10
TRAIN_WINDOW_339,2024-03-04,2025-03-03,2025-03-04,2025-06-11
TRAIN_WINDOW_340,2024-03-05,2025-03-04,2025-03-05,2025-06-12
TRAIN_WINDOW_341,2024-03-06,2025-03-05,2025-03-06,2025-06-13
TRAIN_WINDOW_342,2024-03-07,2025-03-06,2025-03-07,2025-06-14
TRAIN_WINDOW_343,2024-03-08,2025-03-07,2025-03-08,2025-06-15
TRAIN_WINDOW_344,2024-03-09,2025-03-08,2025-03-09,2025-06-16
TRAIN_WINDOW_345,2024-03-10,2025-03-09,2025-03-10,2025-06-17
TRAIN_WINDOW_346,2024-03-11,2025-03-10,2025-03-11,2025-06-18
TRAIN_WINDOW_347,2024-03-12,2025-03-11,2025-03-12,2025-06-19
TRAIN_WINDOW_348,2024-03-13,2025-03-12,2025-03-13,2025-06-20
TRAIN_WINDOW_349,2024-03-14,2025-03-13,2025-03-14,2025-06-21
TRAIN_WINDOW_350,2024-03-15,2025-03-14,2025-03-15,2025-06-22
TRAIN_WINDOW_351,2024-03-16,2025-03-15,2025-03-16,2025-06-23
TRAIN_WINDOW_352,2024-03-17,2025-03-16,2025-03-17,2025-06-24
TRAIN_WINDOW_353,2024-03-18,2025-03-17,2025-03-18,2025-06-25
TRAIN_WINDOW_354,2024-03-19,2025-03-18,2025-03-19,2025-06-26
TRAIN_WINDOW_355,2024-03-20,2025-03-19,2025-03-20,2025-06-27
TRAIN_WINDOW_356,2024-03-21,2025-03-20,2025-03-21,2025-06-28
TRAIN_WINDOW_357,2024-03-22,2025-03-21,2025-03-22,2025-06-29
TRAIN_WINDOW_358,2024-03-23,2025-03-22,2025-03-23,2025-06-30
TRAIN_WINDOW_359,2024-03-24,2025-03-23,2025-03-24,2025-07-01
TRAIN_WINDOW_360,2024-03-25,2025-03-24,2025-03-25,2025-07-02
TRAIN_WINDOW_361,2024-03-26,2025-03-25,2025-03-26,2025-07-03
TRAIN_WINDOW_362,2024-03-27,2025-03-26,2025-03-27,2025-07-04
TRAIN_WINDOW_363,2024-03-28,2025-03-27,2025-03-28,2025-07-05
TRAIN_WINDOW_364,2024-03-29,2025-03-28,2025-03-29,2025-07-06
TRAIN_WINDOW_365,2024-03-30,2025-03-29,2025-03-30,2025-07-07
TRAIN_WINDOW_366,2024-03-31,2025-03-30,2025-03-31,2025-07-08
TRAIN_WINDOW_367,2024-04-01,2025-03-31,2025-04-01,2025-07-09
TRAIN_WINDOW_368,2024-04-02,2025-04-01,2025-04-02,2025-07-10
TRAIN_WINDOW_369,2024-04-03,2025-04-02,2025-04-03,2025-07-11
TRAIN_WINDOW_370,2024-04-04,2025-04-03,2025-04-04,2025-07-12
TRAIN_WINDOW_371,2024-04-05,2025-04-04,2025-04-05,2025-07-13
TRAIN_WINDOW_372,2024-04-06,2025-04-05,2025-04-06,2025-07-14
TRAIN_WINDOW_373,2024-04-07,2025-04-06,2025-04-07,2025-07-15
TRAIN_WINDOW_374,2024-04-08,2025-04-07,2025-04-08,2025-07-16
TRAIN_WINDOW_375,2024-04-09,2025-04-08,2025-04-09,2025-07-17
TRAIN_WINDOW_376,2024-04-10,2025-04-09,2025-04-10,2025-07-18
TRAIN_WINDOW_377,2024-04-11,2025-04-10,2025-04-11,2025-07-19
TRAIN_WINDOW_378,2024-04-12,2025-04-11,2025-04-12,2025-07-20
TRAIN_WINDOW_379,2024-04-13,2025-04-12,2025-04-13,2025-07-21
TRAIN_WINDOW_380,2024-04-14,2025-04-13,2025-04-14,2025-07-22
TRAIN_WINDOW_381,2024-04-15,2025-04-14,2025-04-15,2025-07-23
TRAIN_WINDOW_382,2024-04-16,2025-04-15,2025-04-16,2025-07-24
TRAIN_WINDOW_383,2024-04-17,2025-04-16,2025-04-17,2025-07-25
TRAIN_WINDOW_384,2024-04-18,2025-04-17,2025-04-18,2025-07-26
TRAIN_WINDOW_385,2024-04-19,2025-04-18,2025-04-19,2025-07-27
TRAIN_WINDOW_386,2024-04-20,2025-04-19,2025-04-20,2025-07-28
TRAIN_WINDOW_387,2024-04-21,2025-04-20,2025-04-21,2025-07-29
TRAIN_WINDOW_388,2024-04-22,2025-04-21,2025-04-22,2025-07-30
TRAIN_WINDOW_389,2024-04-23,2025-04-22,2025-04-23,2025-07-31
TRAIN_WINDOW_390,2024-04-24,2025-04-23,2025-04-24,2025-08-01
TRAIN_WINDOW_391,2024-04-25,2025-04-24,2025-04-25,2025-08-02
TRAIN_WINDOW_392,2024-04-26,2025-04-25,2025-04-26,2025-08-03
TRAIN_WINDOW_393,2024-04-27,2025-04-26,2025-04-27,2025-08-04
TRAIN_WINDOW_394,2024-04-28,2025-04-27,2025-04-28,2025-08-05
TRAIN_WINDOW_395,2024-04-29,2025-04-28,2025-04-29,2025-08-06
TRAIN_WINDOW_396,2024-04-30,2025-04-29,2025-04-30,2025-08-07
TRAIN_WINDOW_397,2024-05-01,2025-04-30,2025-05-01,2025-08-08
TRAIN_WINDOW_398,2024-05-02,2025-05-01,2025-05-02,2025-08-09
TRAIN_WINDOW_399,2024-05-03,2025-05-02,2025-05-03,2025-08-10
TRAIN_WINDOW_400,2024-05-04,2025-05-03,2025-05-04,2025-08-11
TRAIN_WINDOW_401,2024-05-05,2025-05-04,2025-05-05,2025-08-12
TRAIN_WINDOW_402,2024-05-06,2025-05-05,2025-05-06,2025-08-13
TRAIN_WINDOW_403,2024-05-07,2025-05-06,2025-05-07,2025-08-14
TRAIN_WINDOW_404,2024-05-08,2025-05-07,2025-05-08,2025-08-15
TRAIN_WINDOW_405,2024-05-09,2025-05-08,2025-05-09,2025-08-16
TRAIN_WINDOW_406,2024-05-10,2025-05-09,2025-05-10,2025-08-17
TRAIN_WINDOW_407,2024-05-11,2025-05-10,2025-05-11,2025-08-18
TRAIN_WINDOW_408,2024-05-12,2025-05-11,2025-05-12,2025-08-19
TRAIN_WINDOW_409,2024-05-13,2025-05-12,2025-05-13,2025-08-20
TRAIN_WINDOW_410,2024-05-14,2025-05-13,2025-05-14,2025-08-21
TRAIN_WINDOW_411,2024-05-15,2025-05-14,2025-05-15,2025-08-22
TRAIN_WINDOW_412,2024-05-16,2025-05-15,2025-05-16,2025-08-23
TRAIN_WINDOW_413,2024-05-17,2025-05-16,2025-05-17,2025-08-24
TRAIN_WINDOW_414,2024-05-18,2025-05-17,2025-05-18,2025-08-25
TRAIN_WINDOW_415,2024-05-19,2025-05-18,2025-05-19,2025-08-26
TRAIN_WINDOW_416,2024-05-20,2025-05-19,2025-05-20,2025-08-27
TRAIN_WINDOW_417,2024-05-21,2025-05-20,2025-05-21,2025-08-28
TRAIN_WINDOW_418,2024-05-22,2025-05-21,2025-05-22,2025-08-29
TRAIN_WINDOW_419,2024-05-23,2025-05-22,2025-05-23,2025-08-30
TRAIN_WINDOW_420,2024-05-24,2025-05-23,2025-05-24,2025-08-31
TRAIN_WINDOW_421,2024-05-25,2025-05-24,2025-05-25,2025-09-01
TRAIN_WINDOW_422,2024-05-26,2025-05-25,2025-05-26,2025-09-02
TRAIN_WINDOW_423,2024-05-27,2025-05-26,2025-05-27,2025-09-03
TRAIN_WINDOW_424,2024-05-28,2025-05-27,2025-05-28,2025-09-04
TRAIN_WINDOW_425,2024-05-29,2025-05-28,2025-05-29,2025-09-05
TRAIN_WINDOW_426,2024-05-30,2025-05-29,2025-05-30,2025-09-06
TRAIN_WINDOW_427,2024-05-31,2025-05-30,2025-05-31,2025-09-07
TRAIN_WINDOW_428,2024-06-01,2025-05-31,2025-06-01,2025-09-08
TRAIN_WINDOW_429,2024-06-02,2025-06-01,2025-06-02,2025-09-09
TRAIN_WINDOW_430,2024-06-03,2025-06-02,2025-06-03,2025-09-10
TRAIN_WINDOW_431,2024-06-04,2025-06-03,2025-06-04,2025-09-11
TRAIN_WINDOW_432,2024-06-05,2025-06-04,2025-06-05,2025-09-12
TRAIN_WINDOW_433,2024-06-06,2025-06-05,2025-06-06,2025-09-13
TRAIN_WINDOW_434,2024-06-07,2025-06-06,2025-06-07,2025-09-14
TRAIN_WINDOW_435,2024-06-08,2025-06-07,2025-06-08,2025-09-15
TRAIN_WINDOW_436,2024-06-09,2025-06-08,2025-06-09,2025-09-16
TRAIN_WINDOW_437,2024-06-10,2025-06-09,2025-06-10,2025-09-17
TRAIN_WINDOW_438,2024-06-11,2025-06-10,2025-06-11,2025-09-18
TRAIN_WINDOW_439,2024-06-12,2025-06-11,2025-06-12,2025-09-19
TRAIN_WINDOW_440,2024-06-13,2025-06-12,2025-06-13,2025-09-20
TRAIN_WINDOW_441,2024-06-14,2025-06-13,2025-06-14,2025-09-21
TRAIN_WINDOW_442,2024-06-15,2025-06-14,2025-06-15,2025-09-22
TRAIN_WINDOW_443,2024-06-16,2025-06-15,2025-06-16,2025-09-23
TRAIN_WINDOW_444,2024-06-17,2025-06-16,2025-06-17,2025-09-24
TRAIN_WINDOW_445,2024-06-18,2025-06-17,2025-06-18,2025-09-25
TRAIN_WINDOW_446,2024-06-19,2025-06-18,2025-06-19,2025-09-26
TRAIN_WINDOW_447,2024-06-20,2025-06-19,2025-06-20,2025-09-27
TRAIN_WINDOW_448,2024-06-21,2025-06-20,2025-06-21,2025-09-28
TRAIN_WINDOW_449,2024-06-22,2025-06-21,2025-06-22,2025-09-29
TRAIN_WINDOW_450,2024-06-23,2025-06-22,2025-06-23,2025-09-30
TRAIN_WINDOW_451,2024-06-24,2025-06-23,2025-06-24,2025-10-01
TRAIN_WINDOW_452,2024-06-25,2025-06-24,2025-06-25,2025-10-02
TRAIN_WINDOW_453,2024-06-26,2025-06-25,2025-06-26,2025-10-03
TRAIN_WINDOW_454,2024-06-27,2025-06-26,2025-06-27,2025-10-04
TRAIN_WINDOW_455,2024-06-28,2025-06-27,2025-06-28,2025-10-05
TRAIN_WINDOW_456,2024-06-29,2025-06-28,2025-06-29,2025-10-06
TRAIN_WINDOW_457,2024-06-30,2025-06-29,2025-06-30,2025-10-07
TRAIN_WINDOW_458,2024-07-01,2025-06-30,2025-07-01,2025-10-08
TRAIN_WINDOW_459,2024-07-02,2025-07-01,2025-07-02,2025-10-09
TRAIN_WINDOW_460,2024-07-03,2025-07-02,2025-07-03,2025-10-10
TRAIN_WINDOW_461,2024-07-04,2025-07-03,2025-07-04,2025-10-11
TRAIN_WINDOW_462,2024-07-05,2025-07-04,2025-07-05,2025-10-12
TRAIN_WINDOW_463,2024-07-06,2025-07-05,2025-07-06,2025-10-13
TRAIN_WINDOW_464,2024-07-07,2025-07-06,2025-07-07,2025-10-14
TRAIN_WINDOW_465,2024-07-08,2025-07-07,2025-07-08,2025-10-15
TRAIN_WINDOW_466,2024-07-09,2025-07-08,2025-07-09,2025-10-16
TRAIN_WINDOW_467,2024-07-10,2025-07-09,2025-07-10,2025-10-17
TRAIN_WINDOW_468,2024-07-11,2025-07-10,2025-07-11,2025-10-18
TRAIN_WINDOW_469,2024-07-12,2025-07-11,2025-07-12,2025-10-19
TRAIN_WINDOW_470,2024-07-13,2025-07-12,2025-07-13,2025-10-20
TRAIN_WINDOW_471,2024-07-14,2025-07-13,2025-07-14,2025-10-21
TRAIN_WINDOW_472,2024-07-15,2025-07-14,2025-07-15,2025-10-22
TRAIN_WINDOW_473,2024-07-16,2025-07-15,2025-07-16,2025-10-23
TRAIN_WINDOW_474,2024-07-17,2025-07-16,2025-07-17,2025-10-24
TRAIN_WINDOW_475,2024-07-18,2025-07-17,2025-07-18,2025-10-25
TRAIN_WINDOW_476,2024-07-19,2025-07-18,2025-07-19,2025-10-26
TRAIN_WINDOW_477,2024-07-20,2025-07-19,2025-07-20,2025-10-27
TRAIN_WINDOW_478,2024-07-21,2025-07-20,2025-07-21,2025-10-28
TRAIN_WINDOW_479,2024-07-22,2025-07-21,2025-07-22,2025-10-29
TRAIN_WINDOW_480,2024-07-23,2025-07-22,2025-07-23,2025-10-30
TRAIN_WINDOW_481,2024-07-24,2025-07-23,2025-07-24,2025-10-31
TRAIN_WINDOW_482,2024-07-25,2025-07-24,2025-07-25,2025-11-01
TRAIN_WINDOW_483,2024-07-26,2025-07-25,2025-07-26,2025-11-02
TRAIN_WINDOW_484,2024-07-27,2025-07-26,2025-07-27,2025-11-03
TRAIN_WINDOW_485,2024-07-28,2025-07-27,2025-07-28,2025-11-04
TRAIN_WINDOW_486,2024-07-29,2025-07-28,2025-07-29,2025-11-05
TRAIN_WINDOW_487,2024-07-30,2025-07-29,2025-07-30,2025-11-06
TRAIN_WINDOW_488,2024-07-31,2025-07-30,2025-07-31,2025-11-07
TRAIN_WINDOW_489,2024-08-01,2025-07-31,2025-08-01,2025-11-08
TRAIN_WINDOW_490,2024-08-02,2025-08-01,2025-08-02,2025-11-09
TRAIN_WINDOW_491,2024-08-03,2025-08-02,2025-08-03,2025-11-10
TRAIN_WINDOW_492,2024-08-04,2025-08-03,2025-08-04,2025-11-11
TRAIN_WINDOW_493,2024-08-05,2025-08-04,2025-08-05,2025-11-12
TRAIN_WINDOW_494,2024-08-06,2025-08-05,2025-08-06,2025-11-13
TRAIN_WINDOW_495,2024-08-07,2025-08-06,2025-08-07,2025-11-14
TRAIN_WINDOW_496,2024-08-08,2025-08-07,2025-08-08,2025-11-15
TRAIN_WINDOW_497,2024-08-09,2025-08-08,2025-08-09,2025-11-16
TRAIN_WINDOW_498,2024-08-10,2025-08-09,2025-08-10,2025-11-17
TRAIN_WINDOW_499,2024-08-11,2025-08-10,2025-08-11,2025-11-18
TRAIN_WINDOW_500,2024-08-12,2025-08-11,2025-08-12,2025-11-19
TRAIN_WINDOW_501,2024-08-13,2025-08-12,2025-08-13,2025-11-20
TRAIN_WINDOW_502,2024-08-14,2025-08-13,2025-08-14,2025-11-21
TRAIN_WINDOW_503,2024-08-15,2025-08-14,2025-08-15,2025-11-22
TRAIN_WINDOW_504,2024-08-16,2025-08-15,2025-08-16,2025-11-23
TRAIN_WINDOW_505,2024-08-17,2025-08-16,2025-08-17,2025-11-24
TRAIN_WINDOW_506,2024-08-18,2025-08-17,2025-08-18,2025-11-25
TRAIN_WINDOW_507,2024-08-19,2025-08-18,2025-08-19,2025-11-26
TRAIN_WINDOW_508,2024-08-20,2025-08-19,2025-08-20,2025-11-27
TRAIN_WINDOW_509,2024-08-21,2025-08-20,2025-08-21,2025-11-28
TRAIN_WINDOW_510,2024-08-22,2025-08-21,2025-08-22,2025-11-29
TRAIN_WINDOW_511,2024-08-23,2025-08-22,2025-08-23,2025-11-30
TRAIN_WINDOW_512,2024-08-24,2025-08-23,2025-08-24,2025-12-01
TRAIN_WINDOW_513,2024-08-25,2025-08-24,2025-08-25,2025-12-02
TRAIN_WINDOW_514,2024-08-26,2025-08-25,2025-08-26,2025-12-03
TRAIN_WINDOW_515,2024-08-27,2025-08-26,2025-08-27,2025-12-04
TRAIN_WINDOW_516,2024-08-28,2025-08-27,2025-08-28,2025-12-05
TRAIN_WINDOW_517,2024-08-29,2025-08-28,2025-08-29,2025-12-06
TRAIN_WINDOW_518,2024-08-30,2025-08-29,2025-08-30,2025-12-07
TRAIN_WINDOW_519,2024-08-31,2025-08-30,2025-08-31,2025-12-08
TRAIN_WINDOW_520,2024-09-01,2025-08-31,2025-09-01,2025-12-09
TRAIN_WINDOW_521,2024-09-02,2025-09-01,2025-09-02,2025-12-10
TRAIN_WINDOW_522,2024-09-03,2025-09-02,2025-09-03,2025-12-11
TRAIN_WINDOW_523,2024-09-04,2025-09-03,2025-09-04,2025-12-12
TRAIN_WINDOW_524,2024-09-05,2025-09-04,2025-09-05,2025-12-13
TRAIN_WINDOW_525,2024-09-06,2025-09-05,2025-09-06,2025-12-14
TRAIN_WINDOW_526,2024-09-07,2025-09-06,2025-09-07,2025-12-15
TRAIN_WINDOW_527,2024-09-08,2025-09-07,2025-09-08,2025-12-16
TRAIN_WINDOW_528,2024-09-09,2025-09-08,2025-09-09,2025-12-17
TRAIN_WINDOW_529,2024-09-10,2025-09-09,2025-09-10,2025-12-18
TRAIN_WINDOW_530,2024-09-11,2025-09-10,2025-09-11,2025-12-19
TRAIN_WINDOW_531,2024-09-12,2025-09-11,2025-09-12,2025-12-20
TRAIN_WINDOW_532,2024-09-13,2025-09-12,2025-09-13,2025-12-21
TRAIN_WINDOW_533,2024-09-14,2025-09-13,2025-09-14,2025-12-22
TRAIN_WINDOW_534,2024-09-15,2025-09-14,2025-09-15,2025-12-23
TRAIN_WINDOW_535,2024-09-16,2025-09-15,2025-09-16,2025-12-24
TRAIN_WINDOW_536,2024-09-17,2025-09-16,2025-09-17,2025-12-25
TRAIN_WINDOW_537,2024-09-18,2025-09-17,2025-09-18,2025-12-26
TRAIN_WINDOW_538,2024-09-19,2025-09-18,2025-09-19,2025-12-27
TRAIN_WINDOW_539,2024-09-20,2025-09-19,2025-09-20,2025-12-28
TRAIN_WINDOW_540,2024-09-21,2025-09-20,2025-09-21,2025-12-29
TRAIN_WINDOW_541,2024-09-22,2025-09-21,2025-09-22,2025-12-30
TRAIN_WINDOW_542,2024-09-23,2025-09-22,2025-09-23,2025-12-31
TRAIN_WINDOW_543,2024-09-24,2025-09-23,2025-09-24,2026-01-01
TRAIN_WINDOW_544,2024-09-25,2025-09-24,2025-09-25,2026-01-02
TRAIN_WINDOW_545,2024-09-26,2025-09-25,2025-09-26,2026-01-03
TRAIN_WINDOW_546,2024-09-27,2025-09-26,2025-09-27,2026-01-04
TRAIN_WINDOW_547,2024-09-28,2025-09-27,2025-09-28,2026-01-05
TRAIN_WINDOW_548,2024-09-29,2025-09-28,2025-09-29,2026-01-06
TRAIN_WINDOW_549,2024-09-30,2025-09-29,2025-09-30,2026-01-07
TRAIN_WINDOW_550,2024-10-01,2025-09-30,2025-10-01,2026-01-08
TRAIN_WINDOW_551,2024-10-02,2025-10-01,2025-10-02,2026-01-09
TRAIN_WINDOW_552,2024-10-03,2025-10-02,2025-10-03,2026-01-10
TRAIN_WINDOW_553,2024-10-04,2025-10-03,2025-10-04,2026-01-11
TRAIN_WINDOW_554,2024-10-05,2025-10-04,2025-10-05,2026-01-12
TRAIN_WINDOW_555,2024-10-06,2025-10-05,2025-10-06,2026-01-13
TRAIN_WINDOW_556,2024-10-07,2025-10-06,2025-10-07,2026-01-14
TRAIN_WINDOW_557,2024-10-08,2025-10-07,2025-10-08,2026-01-15
TRAIN_WINDOW_558,2024-10-09,2025-10-08,2025-10-09,2026-01-16
TRAIN_WINDOW_559,2024-10-10,2025-10-09,2025-10-10,2026-01-17
TRAIN_WINDOW_560,2024-10-11,2025-10-10,2025-10-11,2026-01-18
TRAIN_WINDOW_561,2024-10-12,2025-10-11,2025-10-12,2026-01-19
TRAIN_WINDOW_562,2024-10-13,2025-10-12,2025-10-13,2026-01-20
TRAIN_WINDOW_563,2024-10-14,2025-10-13,2025-10-14,2026-01-21
TRAIN_WINDOW_564,2024-10-15,2025-10-14,2025-10-15,2026-01-22
TRAIN_WINDOW_565,2024-10-16,2025-10-15,2025-10-16,2026-01-23
TRAIN_WINDOW_566,2024-10-17,2025-10-16,2025-10-17,2026-01-24
TRAIN_WINDOW_567,2024-10-18,2025-10-17,2025-10-18,2026-01-25
TRAIN_WINDOW_568,2024-10-19,2025-10-18,2025-10-19,2026-01-26
TRAIN_WINDOW_569,2024-10-20,2025-10-19,2025-10-20,2026-01-27
TRAIN_WINDOW_570,2024-10-21,2025-10-20,2025-10-21,2026-01-28
TRAIN_WINDOW_571,2024-10-22,2025-10-21,2025-10-22,2026-01-29
TRAIN_WINDOW_572,2024-10-23,2025-10-22,2025-10-23,2026-01-30
TRAIN_WINDOW_573,2024-10-24,2025-10-23,2025-10-24,2026-01-31
TRAIN_WINDOW_574,2024-10-25,2025-10-24,2025-10-25,2026-02-01
TRAIN_WINDOW_575,2024-10-26,2025-10-25,2025-10-26,2026-02-02
TRAIN_WINDOW_576,2024-10-27,2025-10-26,2025-10-27,2026-02-03
TRAIN_WINDOW_577,2024-10-28,2025-10-27,2025-10-28,2026-02-04
TRAIN_WINDOW_578,2024-10-29,2025-10-28,2025-10-29,2026-02-05
TRAIN_WINDOW_579,2024-10-30,2025-10-29,2025-10-30,2026-02-06
TRAIN_WINDOW_580,2024-10-31,2025-10-30,2025-10-31,2026-02-07
TRAIN_WINDOW_581,2024-11-01,2025-10-31,2025-11-01,2026-02-08
TRAIN_WINDOW_582,2024-11-02,2025-11-01,2025-11-02,2026-02-09
TRAIN_WINDOW_583,2024-11-03,2025-11-02,2025-11-03,2026-02-10
TRAIN_WINDOW_584,2024-11-04,2025-11-03,2025-11-04,2026-02-11
TRAIN_WINDOW_585,2024-11-05,2025-11-04,2025-11-05,2026-02-12
TRAIN_WINDOW_586,2024-11-06,2025-11-05,2025-11-06,2026-02-13
TRAIN_WINDOW_587,2024-11-07,2025-11-06,2025-11-07,2026-02-14
TRAIN_WINDOW_588,2024-11-08,2025-11-07,2025-11-08,2026-02-15
TRAIN_WINDOW_589,2024-11-09,2025-11-08,2025-11-09,2026-02-16
TRAIN_WINDOW_590,2024-11-10,2025-11-09,2025-11-10,2026-02-17
TRAIN_WINDOW_591,2024-11-11,2025-11-10,2025-11-11,2026-02-18
TRAIN_WINDOW_592,2024-11-12,2025-11-11,2025-11-12,2026-02-19
TRAIN_WINDOW_593,2024-11-13,2025-11-12,2025-11-13,2026-02-20
TRAIN_WINDOW_594,2024-11-14,2025-11-13,2025-11-14,2026-02-21
TRAIN_WINDOW_595,2024-11-15,2025-11-14,2025-11-15,2026-02-22
TRAIN_WINDOW_596,2024-11-16,2025-11-15,2025-11-16,2026-02-23
TRAIN_WINDOW_597,2024-11-17,2025-11-16,2025-11-17,2026-02-24
TRAIN_WINDOW_598,2024-11-18,2025-11-17,2025-11-18,2026-02-25
TRAIN_WINDOW_599,2024-11-19,2025-11-18,2025-11-19,2026-02-26
TRAIN_WINDOW_600,2024-11-20,2025-11-19,2025-11-20,2026-02-27
TRAIN_WINDOW_601,2024-11-21,2025-11-20,2025-11-21,2026-02-28
TRAIN_WINDOW_602,2024-11-22,2025-11-21,2025-11-22,2026-03-01
TRAIN_WINDOW_603,2024-11-23,2025-11-22,2025-11-23,2026-03-02
TRAIN_WINDOW_604,2024-11-24,2025-11-23,2025-11-24,2026-03-03
TRAIN_WINDOW_605,2024-11-25,2025-11-24,2025-11-25,2026-03-04
TRAIN_WINDOW_606,2024-11-26,2025-11-25,2025-11-26,2026-03-05
TRAIN_WINDOW_607,2024-11-27,2025-11-26,2025-11-27,2026-03-06
TRAIN_WINDOW_608,2024-11-28,2025-11-27,2025-11-28,2026-03-07
TRAIN_WINDOW_609,2024-11-29,2025-11-28,2025-11-29,2026-03-08
TRAIN_WINDOW_610,2024-11-30,2025-11-29,2025-11-30,2026-03-09
TRAIN_WINDOW_611,2024-12-01,2025-11-30,2025-12-01,2026-03-10
TRAIN_WINDOW_612,2024-12-02,2025-12-01,2025-12-02,2026-03-11
TRAIN_WINDOW_613,2024-12-03,2025-12-02,2025-12-03,2026-03-12
TRAIN_WINDOW_614,2024-12-04,2025-12-03,2025-12-04,2026-03-13
TRAIN_WINDOW_615,2024-12-05,2025-12-04,2025-12-05,2026-03-14
TRAIN_WINDOW_616,2024-12-06,2025-12-05,2025-12-06,2026-03-15
TRAIN_WINDOW_617,2024-12-07,2025-12-06,2025-12-07,2026-03-16
TRAIN_WINDOW_618,2024-12-08,2025-12-07,2025-12-08,2026-03-17
TRAIN_WINDOW_619,2024-12-09,2025-12-08,2025-12-09,2026-03-18
TRAIN_WINDOW_620,2024-12-10,2025-12-09,2025-12-10,2026-03-19
TRAIN_WINDOW_621,2024-12-11,2025-12-10,2025-12-11,2026-03-20
TRAIN_WINDOW_622,2024-12-12,2025-12-11,2025-12-12,2026-03-21
TRAIN_WINDOW_623,2024-12-13,2025-12-12,2025-12-13,2026-03-22
TRAIN_WINDOW_624,2024-12-14,2025-12-13,2025-12-14,2026-03-23
TRAIN_WINDOW_625,2024-12-15,2025-12-14,2025-12-15,2026-03-24
TRAIN_WINDOW_626,2024-12-16,2025-12-15,2025-12-16,2026-03-25
TRAIN_WINDOW_627,2024-12-17,2025-12-16,2025-12-17,2026-03-26
TRAIN_WINDOW_628,2024-12-18,2025-12-17,2025-12-18,2026-03-27
TRAIN_WINDOW_629,2024-12-19,2025-12-18,2025-12-19,2026-03-28
TRAIN_WINDOW_630,2024-12-20,2025-12-19,2025-12-20,2026-03-29
TRAIN_WINDOW_631,2024-12-21,2025-12-20,2025-12-21,2026-03-30
TRAIN_WINDOW_632,2024-12-22,2025-12-21,2025-12-22,2026-03-31
TRAIN_WINDOW_633,2024-12-23,2025-12-22,2025-12-23,2026-04-01
TRAIN_WINDOW_634,2024-12-24,2025-12-23,2025-12-24,2026-04-02
TRAIN_WINDOW_635,2024-12-25,2025-12-24,2025-12-25,2026-04-03
TRAIN_WINDOW_636,2024-12-26,2025-12-25,2025-12-26,2026-04-04
TRAIN_WINDOW_637,2024-12-27,2025-12-26,2025-12-27,2026-04-05
TRAIN_WINDOW_638,2024-12-28,2025-12-27,2025-12-28,2026-04-06
TRAIN_WINDOW_639,2024-12-29,2025-12-28,2025-12-29,2026-04-07
TRAIN_WINDOW_640,2024-12-30,2025-12-29,2025-12-30,2026-04-08
TRAIN_WINDOW_641,2024-12-31,2025-12-30,2025-12-31,2026-04-09
TRAIN_WINDOW_642,2025-01-01,2025-12-31,2026-01-01,2026-04-10
TRAIN_WINDOW_643,2025-01-02,2026-01-01,2026-01-02,2026-04-11
TRAIN_WINDOW_644,2025-01-03,2026-01-02,2026-01-03,2026-04-12
TRAIN_WINDOW_645,2025-01-04,2026-01-03,2026-01-04,2026-04-13
TRAIN_WINDOW_646,2025-01-05,2026-01-04,2026-01-05,2026-04-14
TRAIN_WINDOW_647,2025-01-06,2026-01-05,2026-01-06,2026-04-15
TRAIN_WINDOW_648,2025-01-07,2026-01-06,2026-01-07,2026-04-16
TRAIN_WINDOW_649,2025-01-08,2026-01-07,2026-01-08,2026-04-17
TRAIN_WINDOW_650,2025-01-09,2026-01-08,2026-01-09,2026-04-18
TRAIN_WINDOW_651,2025-01-10,2026-01-09,2026-01-10,2026-04-19
TRAIN_WINDOW_652,2025-01-11,2026-01-10,2026-01-11,2026-04-20
TRAIN_WINDOW_653,2025-01-12,2026-01-11,2026-01-12,2026-04-21
TRAIN_WINDOW_654,2025-01-13,2026-01-12,2026-01-13,2026-04-22
TRAIN_WINDOW_655,2025-01-14,2026-01-13,2026-01-14,2026-04-23
TRAIN_WINDOW_656,2025-01-15,2026-01-14,2026-01-15,2026-04-24
TRAIN_WINDOW_657,2025-01-16,2026-01-15,2026-01-16,2026-04-25
TRAIN_WINDOW_658,2025-01-17,2026-01-16,2026-01-17,2026-04-26
TRAIN_WINDOW_659,2025-01-18,2026-01-17,2026-01-18,2026-04-27
TRAIN_WINDOW_660,2025-01-19,2026-01-18,2026-01-19,2026-04-28
TRAIN_WINDOW_661,2025-01-20,2026-01-19,2026-01-20,2026-04-29
TRAIN_WINDOW_662,2025-01-21,2026-01-20,2026-01-21,2026-04-30
